{"cameraMode":{"drawMode":0,"name":"Shaded","section":"Shading Mode"},"sceneLighting":true,"audioPlay":false,"sceneViewState":{"showFog":true,"showMaterialUpdate":false,"showSkybox":true,"showFlares":true,"showImageEffects":true,"showParticleSystems":true},"in2DMode":false,"pivot":{"x":25.19118881225586,"y":16.090957641601564,"z":0.5558924078941345},"rotation":{"x":-0.29829320311546328,"y":0.5504105091094971,"z":-0.21801194548606873,"w":-0.748710572719574},"size":22.0,"orthographic":false}