{"cameraMode":{"drawMode":0,"name":"Shaded","section":"Shading Mode"},"sceneLighting":true,"audioPlay":false,"sceneViewState":{"showFog":true,"showMaterialUpdate":false,"showSkybox":true,"showFlares":true,"showImageEffects":true,"showParticleSystems":true},"in2DMode":false,"pivot":{"x":-1.403637409210205,"y":1.9089899063110352,"z":1.052264928817749},"rotation":{"x":0.03182724863290787,"y":0.9680432081222534,"z":-0.16747689247131349,"w":0.1839665025472641},"size":2.853116750717163,"orthographic":false}